video_url,title,channel,channel_id,duration_seconds,views,likes,upload_date,download_timestamp,video_filename,clip_start_seconds,clip_end_seconds
https://www.youtube.com/watch?v=PnROdxJwkK0,Keynote Speech,BizTalk360,UCohQiZfeqly5yDImmfXbTQQ,3735,256,0,20150506,2025-03-11 18:16:13,20150506_Keynote Speech_BizTalk360_1225s.mp4,1225,1245
https://www.youtube.com/watch?v=_Gbofar67RY,Louis Soares & Ryan Davis Fireside Chat,Saylor Academy,UCUbnqNCWFLqNXswvU9oWyFA,2267,66,1,20180730,2025-03-11 18:16:16,20180730_Louis Soares & Ryan Davis Fireside Chat_Saylor Academy_846s.mp4,846,866
https://www.youtube.com/watch?v=CSNIddU70a8,"Keynote Speaker Gerd Leonhard at NASSCOM BPM Strategy Summit Bangalore Tech, humans and the Future",Gerd Leonhard,UCOHm-yfLAeTYdLd4fnALewA,2879,1010,21,20180128,2025-03-11 18:16:16,"20180128_Keynote Speaker Gerd Leonhard at NASSCOM BPM Strategy Summit Bangalore Tech, humans and the Future_Gerd Leonhard_1396s.mp4",1396,1416
https://www.youtube.com/watch?v=QyvMH59PxBA,Fireside chat with Carlos Gradín and Justin Yifu Lin,UNU-WIDER,UCSYvZEhPjU62PKTqQtQvRGg,1589,132,3,20211122,2025-03-11 18:16:18,20211122_Fireside chat with Carlos Gradín and Justin Yifu Lin_UNU-WIDER_1513s.mp4,1513,1533
https://www.youtube.com/watch?v=gA2e8fK4MV8,Semifinalist Team Summit Panel Discussion,XPRIZE,UCHo2wMIMNM46OFPjU0oO8CA,4439,373,7,20211221,2025-03-11 18:16:24,20211221_Semifinalist Team Summit Panel Discussion_XPRIZE_2551s.mp4,2551,2571
https://www.youtube.com/watch?v=W8dZ_2giJkU,Closing panel discussion at Uppsala Health Summit 2022 Healthy Lives from Sustainable Food Systems,Uppsala Health Summit,UCFHZolAVqgL2Bv-w100EvKw,1937,92,2,20221104,2025-03-11 18:16:24,20221104_Closing panel discussion at Uppsala Health Summit 2022 Healthy Lives from Sustainable Food Systems_Uppsala Health Summit_1349s.mp4,1349,1369
https://www.youtube.com/watch?v=jQvO1bOSzks,SFBW19 - Fireside Chat  Fred Ehrsam & Andy Bromberg,San Francisco Blockchain Week,UCFET1Z7scF7NiRORZgLlJvw,1387,2308,19,20191107,2025-03-11 18:16:27,20191107_SFBW19 - Fireside Chat  Fred Ehrsam & Andy Bromberg_San Francisco Blockchain Week_216s.mp4,216,236
https://www.youtube.com/watch?v=p7NsgaTz2_4,Top Headlines Fatafat News  Top 15  Breaking News । News World India,News World India,UCO3SgYrR8KCArqF_k-tzJAg,324,64,5,20220804,2025-03-11 18:16:31,20220804_Top Headlines Fatafat News  Top 15  Breaking News । News World India_News World India_80s.mp4,80,100
https://www.youtube.com/watch?v=m3lSIlxhDhc,Top 15 Headlines हिंदी समाचार बुलेटिन। Fatafat News  Breaking News । News World India,News World India,UCO3SgYrR8KCArqF_k-tzJAg,811,42,1,20220902,2025-03-11 18:16:31,20220902_Top 15 Headlines हिंदी समाचार बुलेटिन। Fatafat News  Breaking News । News World India_News World India_394s.mp4,394,414
https://www.youtube.com/watch?v=nBOIl5cyMgA,Padma Shri Chef Sanjeev Kapoor's Exclusive Interview With Argus News,Argus News,UCwBK7Cdk0wq8rCjxcvaoHzg,61,416,16,20230508,2025-03-11 18:16:55,20230508_Padma Shri Chef Sanjeev Kapoor's Exclusive Interview With Argus News_Argus News_0s.mp4,0,20
https://www.youtube.com/watch?v=JUpKJuViCNc,#PitchCMO Summit'23  Panel Discussion Adopting Agile Marketing Need For A Mindset Shift.,exchange4media Group,UC13NIM-ePLUiKf37-ZhVMkw,3002,495,4,20230324,2025-03-11 18:16:59,20230324_#PitchCMO Summit'23  Panel Discussion Adopting Agile Marketing Need For A Mindset Shift._exchange4media Group_2030s.mp4,2030,2050
https://www.youtube.com/watch?v=fVawwXZwp4Q,Andrew Tate VS Candace Owens Full Interview no commentary,MickyOTW,UCOfyPSDustW6lovfOcrW4sw,10925,64318,911,20230730,2025-03-11 18:17:10,20230730_Andrew Tate VS Candace Owens Full Interview no commentary_MickyOTW_4458s.mp4,4458,4478
https://www.youtube.com/watch?v=6n8s_gPtz3Y,Opening and Keynote Speeches,ICTSD,UCnHodZowXtDy4gPRfbZcG0Q,2411,568,1,20160613,2025-03-11 18:17:23,20160613_Opening and Keynote Speeches_ICTSD_1743s.mp4,1743,1763
https://www.youtube.com/watch?v=X_smhyK8apU,WordPress .edu Event Highlights 2024,Human Made,UCZJ0t4IuF2Kyq2jXNC-BAmw,113,46,1,20240719,2025-03-11 18:17:23,20240719_WordPress .edu Event Highlights 2024_Human Made_60s.mp4,60,80
https://www.youtube.com/watch?v=Z-2LvdxxuS8,Keynote speech at the Australia-Canada Economic Leadership Forum,Prime Minister of Canada,UCyvEONnqE2Krm9Zi0LVvGmA,1269,6350,,20230721,2025-03-11 18:17:33,20230721_Keynote speech at the Australia-Canada Economic Leadership Forum_Prime Minister of Canada_701s.mp4,701,721
https://www.youtube.com/watch?v=RAbAe1sVi-s,Fireside chat with Marlies Piek and Duncan Pieterse,UNU-WIDER,UCSYvZEhPjU62PKTqQtQvRGg,1577,81,0,20211122,2025-03-11 18:17:45,20211122_Fireside chat with Marlies Piek and Duncan Pieterse_UNU-WIDER_1036s.mp4,1036,1056
https://www.youtube.com/watch?v=kvGFldxwjhY,Fireside Chat with Naval Ravikant - New Frontiers 2019,Edmund Hillary Fellowship,UCN8p-mbtAFXZs0HJ8kYeVgg,1362,121846,2145,20190414,2025-03-11 18:17:59,20190414_Fireside Chat with Naval Ravikant - New Frontiers 2019_Edmund Hillary Fellowship_361s.mp4,361,381
https://www.youtube.com/watch?v=a6Up9HQJgK4,EFF Fireside Chat There's a Lot More to Crime Solving Than Breaking Encryption,EFForg,UCS66aeKQNvJSOOGPjVHDE3Q,46,248,13,20201215,2025-03-11 18:18:28,20201215_EFF Fireside Chat There's a Lot More to Crime Solving Than Breaking Encryption_EFForg_0s.mp4,0,20
https://www.youtube.com/watch?v=DmtYVIEycOI,"Keynote Speaker - Eben Upton, Founder, Raspberry Pi Foundation - Ingenuity 2016",UCIBrenICS,UCF6U5Z2Ok9wmHcXsQK2OHgw,1495,134,0,20160614,2025-03-11 18:18:30,"20160614_Keynote Speaker - Eben Upton, Founder, Raspberry Pi Foundation - Ingenuity 2016_UCIBrenICS_1078s.mp4",1078,1098
https://www.youtube.com/watch?v=uvWpy43c8rI,US Healthcare Strangled by Massive Insurance Profits and Money in Politics,New Economic Thinking,UCp5hG8rt1z2MJ9aNVxY2Xdg,2721,3536,156,20220228,2025-03-11 18:18:32,20220228_US Healthcare Strangled by Massive Insurance Profits and Money in Politics_New Economic Thinking_2028s.mp4,2028,2048
https://www.youtube.com/watch?v=E5iig4I2EWA,Frank Lampard Exclusive Interview,Toffee TV  Everton Fan Channel,UCGW8QX7RCU_UBKKcDRN0Dgg,2094,43048,1356,20221122,2025-03-11 18:18:37,20221122_Frank Lampard Exclusive Interview_Toffee TV  Everton Fan Channel_777s.mp4,777,797
https://www.youtube.com/watch?v=eV52AGFgU_4,"The City Includes  Panel Discussion  Open House Europe Annual Summit  Dublin, Ireland",Open House Europe,UCctfzFs8Qzxj0y4sJqXs8ow,5523,36,1,20250228,2025-03-11 18:18:42,"20250228_The City Includes  Panel Discussion  Open House Europe Annual Summit  Dublin, Ireland_Open House Europe_3109s.mp4",3109,3129
https://www.youtube.com/watch?v=PI1cS3xgpc0,Futurist Keynote Speaker Gerd Leonhard if you become technology you also become a commodity,Gerd Leonhard,UCOHm-yfLAeTYdLd4fnALewA,33,443,3,20160626,2025-03-11 18:18:50,20160626_Futurist Keynote Speaker Gerd Leonhard if you become technology you also become a commodity_Gerd Leonhard_0s.mp4,0,20
https://www.youtube.com/watch?v=DBy0JtiUpnc,Pandit Budhaditya Mukherjee's  Exclusive Interview in 'Cultural Journey with Manoshi' @TAG TV,TAG TV,UCP3zJUZRPyJh4VGiRd9pqgg,3381,8225,275,20191215,2025-03-11 18:19:18,20191215_Pandit Budhaditya Mukherjee's  Exclusive Interview in 'Cultural Journey with Manoshi' @TAG TV_TAG TV_809s.mp4,809,829
https://www.youtube.com/watch?v=CUNzCS3bmNs,New Degree for Medical Computer Specialists HISM @ CBET.edu,Better Biomed Channel,UC5iZzbAn_abSOoNbNaiTRVw,135,547,31,20240108,2025-03-11 18:19:42,20240108_New Degree for Medical Computer Specialists HISM @ CBET.edu_Better Biomed Channel_69s.mp4,69,89
https://www.youtube.com/watch?v=5xDxWVNmx3M,Time to reverse our assumptions - Futurist Keynote Speaker Gerd Leonhard Learning Technologies 2015,Gerd Leonhard,UCOHm-yfLAeTYdLd4fnALewA,208,397,3,20150413,2025-03-11 18:19:50,20150413_Time to reverse our assumptions - Futurist Keynote Speaker Gerd Leonhard Learning Technologies 2015_Gerd Leonhard_66s.mp4,66,86
https://www.youtube.com/watch?v=pBwHDBA_UGs,Exclusive Interview with Randy The Natural Couture,WrestleRock Podcast,UCAn1z5Sbf7lwiTFj-vQVD1Q,1364,935,10,20221027,2025-03-11 18:19:52,20221027_Exclusive Interview with Randy The Natural Couture_WrestleRock Podcast_1075s.mp4,1075,1095
https://www.youtube.com/watch?v=F7PCHWq80Ps,Fireside chat with Sam Jones and Miguel Urquiola,UNU-WIDER,UCSYvZEhPjU62PKTqQtQvRGg,1324,107,0,20211122,2025-03-11 18:19:54,20211122_Fireside chat with Sam Jones and Miguel Urquiola_UNU-WIDER_1206s.mp4,1206,1226
https://www.youtube.com/watch?v=bWImtwMu22M,Anupam Kher's Exclusive Interview With Argus News,Argus News,UCwBK7Cdk0wq8rCjxcvaoHzg,77,1864,7,20230124,2025-03-11 18:19:55,20230124_Anupam Kher's Exclusive Interview With Argus News_Argus News_0s.mp4,0,20
https://www.youtube.com/watch?v=SH5KMIJxBl0,"The City Belongs  Panel Discussion  Open House Europe Annual Summit  Dublin, Ireland",Open House Europe,UCctfzFs8Qzxj0y4sJqXs8ow,5704,124,2,20250228,2025-03-11 18:19:57,"20250228_The City Belongs  Panel Discussion  Open House Europe Annual Summit  Dublin, Ireland_Open House Europe_3264s.mp4",3264,3284
https://www.youtube.com/watch?v=7s_34scnN38,Knicks News Jalen Brunson Fires Back At His Critics  Interview Reaction,KnicksFanTV,UC4w7Wl5Ptq4A10attECLflg,3670,21201,1091,20240614,2025-03-11 18:19:59,20240614_Knicks News Jalen Brunson Fires Back At His Critics  Interview Reaction_KnicksFanTV_3083s.mp4,3083,3103
https://www.youtube.com/watch?v=4Em9mTOC-7o,Exclusive Interview with Dan The Beast Severn,WrestleRock Podcast,UCAn1z5Sbf7lwiTFj-vQVD1Q,1545,333,4,20221006,2025-03-11 18:20:46,20221006_Exclusive Interview with Dan The Beast Severn_WrestleRock Podcast_744s.mp4,744,764
https://www.youtube.com/watch?v=5gjIa5kMIdU,Questions to Expert Panel - ERASE Bullying Summit,GovernmentofBC,UC6n9tFQOVepHP3TIeYXnhSA,3234,194,0,20121214,2025-03-11 18:20:56,20121214_Questions to Expert Panel - ERASE Bullying Summit_GovernmentofBC_634s.mp4,634,654
https://www.youtube.com/watch?v=Li08a37rS0s,Keynote speech “Glossy Green” Banks - Mariassunta Giannetti,European Central Bank,UCXB8fM4VyQubRu3UVGhd3wA,2686,1090,8,20230504,2025-03-11 18:20:58,20230504_Keynote speech “Glossy Green” Banks - Mariassunta Giannetti_European Central Bank_2627s.mp4,2627,2647
https://www.youtube.com/watch?v=eYWPlE8QZ7A,"Fireside chat with Laura Cozzi, Director of Sustainability, Technology and Outlooks of IEA",International Energy Agency,UCiMPkzrVSCEDm3TatvdVylw,669,521,5,20241205,2025-03-11 18:21:04,"20241205_Fireside chat with Laura Cozzi, Director of Sustainability, Technology and Outlooks of IEA_International Energy Agency_247s.mp4",247,267
https://www.youtube.com/watch?v=nperbvMIR2I,"The City Reused  Panel Discussion  Open House Europe Annual Summit  Dublin, Ireland",Open House Europe,UCctfzFs8Qzxj0y4sJqXs8ow,5532,104,3,20250228,2025-03-11 18:21:08,"20250228_The City Reused  Panel Discussion  Open House Europe Annual Summit  Dublin, Ireland_Open House Europe_3446s.mp4",3446,3466
https://www.youtube.com/watch?v=Y1z3ilfLe_o,F3 Future of Freight Festival 2024 - LoadPay Fireside Chat,TriumphPay,UCZqvc8wOJIpve94s8CTrkTQ,891,67,0,20241204,2025-03-11 18:21:11,20241204_F3 Future of Freight Festival 2024 - LoadPay Fireside Chat_TriumphPay_258s.mp4,258,278
https://www.youtube.com/watch?v=E_xh-ewwyxU,KMF9 - U-Kiss - Exclusive Interview,koreanmusicfestival,UCsy7FSyGVxELMx6JC476whA,353,103765,1567,20120305,2025-03-11 18:21:15,20120305_KMF9 - U-Kiss - Exclusive Interview_koreanmusicfestival_252s.mp4,252,272
https://www.youtube.com/watch?v=b1C_lUPE_zw,"Trump's team begins rebellion against Elon Musk, deep cracks appear within the US government",Kanal13,UC_TneqvSfh-KsIyZMlJjVsQ,485,2936,113,20250309,2025-03-11 18:21:18,"20250309_Trump's team begins rebellion against Elon Musk, deep cracks appear within the US government_Kanal13_240s.mp4",240,260
https://www.youtube.com/watch?v=1fLK6DxXlNo,Third ESRB annual conference Keynote speech Philip Lane,European Central Bank,UCXB8fM4VyQubRu3UVGhd3wA,1835,635,4,20180928,2025-03-11 18:21:45,20180928_Third ESRB annual conference Keynote speech Philip Lane_European Central Bank_1499s.mp4,1499,1519
https://www.youtube.com/watch?v=41OROi_f634,Bogleheads® Conference 2015 - John Bogle & Bill Bernstein Fireside Chat,Bogleheads,UC77ksrKd7P8uXslpuy6HAfQ,2007,432,10,20210809,2025-03-11 18:21:48,20210809_Bogleheads® Conference 2015 - John Bogle & Bill Bernstein Fireside Chat_Bogleheads_1879s.mp4,1879,1899
https://www.youtube.com/watch?v=eoS0ZASyiJs,"ECB Conference on Forecasting Techniques, June 2023 - Session 3, Keynote speech",European Central Bank,UCXB8fM4VyQubRu3UVGhd3wA,3108,294,3,20230619,2025-03-11 18:22:06,"20230619_ECB Conference on Forecasting Techniques, June 2023 - Session 3, Keynote speech_European Central Bank_2982s.mp4",2982,3002
https://www.youtube.com/watch?v=kVGFAawtDFA,"Keynote Fireside Chat with Vitalik Buterin, Co-founder, Ethereum",LF Decentralized Trust,UC7_X0WkMtkWzaVUKF-PRBNQ,1127,1468,50,20210609,2025-03-11 18:22:53,"20210609_Keynote Fireside Chat with Vitalik Buterin, Co-founder, Ethereum_LF Decentralized Trust_247s.mp4",247,267
https://www.youtube.com/watch?v=kHY2coMKWzw,Fatima Payman gives FIRST INTERVIEW since crossing the floor  6 News,SIX News Australia,UCw4G4L-F-mD5zMljpvc2gtA,563,16795,732,20240627,2025-03-11 18:22:55,20240627_Fatima Payman gives FIRST INTERVIEW since crossing the floor  6 News_SIX News Australia_120s.mp4,120,140
https://www.youtube.com/watch?v=DdaqUd7nHFg,2023 Peace and War Summit Panel Session 4 3202023,ORCA Media,UCrM4z9DzdvD3bnA5E7tDtKQ,4789,11,0,20230830,2025-03-11 18:23:03,20230830_2023 Peace and War Summit Panel Session 4 3202023_ORCA Media_3038s.mp4,3038,3058
https://www.youtube.com/watch?v=ld1ob2FlnYE,'This was SO bad' - Reacting to Sir Jim Ratcliffe's Interview,The Chronicles of a Gooner  Harry Symeou,UCbDo0kye_J-N0TkQoBTPSjA,1637,2918,155,20250311,2025-03-11 18:23:13,20250311_'This was SO bad' - Reacting to Sir Jim Ratcliffe's Interview_The Chronicles of a Gooner  Harry Symeou_334s.mp4,334,354
https://www.youtube.com/watch?v=LI1NJUYuV5E,EFF Fireside Chat The Need for Strong Encryption Trumps the Need for Backdoors from Law Enforcement,EFForg,UCS66aeKQNvJSOOGPjVHDE3Q,50,42,4,20201215,2025-03-11 18:23:26,20201215_EFF Fireside Chat The Need for Strong Encryption Trumps the Need for Backdoors from Law Enforcement_EFForg_0s.mp4,0,20
https://www.youtube.com/watch?v=Hg_MZ4x2ecc,Mercer Investment  A Fireside Chat with Rich Nuzum,Mercer,UCEj17pQTkXZDB6LUU5xPaJA,2675,86,0,20230423,2025-03-11 18:23:28,20230423_Mercer Investment  A Fireside Chat with Rich Nuzum_Mercer_644s.mp4,644,664
https://www.youtube.com/watch?v=zUR9i60zLo8,CoSpaces Edu - Make AR & VR in the classroom,CoSpaces Edu,UC6VsnmaKQ9MNRpJbFsIhoGw,116,162973,359,20190522,2025-03-11 18:24:00,20190522_CoSpaces Edu - Make AR & VR in the classroom_CoSpaces Edu_76s.mp4,76,96
https://www.youtube.com/watch?v=51f6OKYCJ04,Exclusive Interview with Sabu (ECW Special Edition Podcast Part 1),WrestleRock Podcast,UCAn1z5Sbf7lwiTFj-vQVD1Q,1122,476,11,20220904,2025-03-11 18:24:03,20220904_Exclusive Interview with Sabu (ECW Special Edition Podcast Part 1)_WrestleRock Podcast_545s.mp4,545,565
https://www.youtube.com/watch?v=63u4AW08OIw,I'm Changing the Way I Think About Politics,vlogbrothers,UCGaVdbSav8xWuFWTadK6loA,219,389511,24385,20221028,2025-03-11 18:24:05,20221028_I'm Changing the Way I Think About Politics_vlogbrothers_106s.mp4,106,126
https://www.youtube.com/watch?v=w98s9Cxslhk,Fireside chat with David Crane  Crane  Stanford Energy Seminar,Stanford ENERGY,UCl61FygpQRrpphc_GKSWLJw,3453,723,5,20230202,2025-03-11 18:24:35,20230202_Fireside chat with David Crane  Crane  Stanford Energy Seminar_Stanford ENERGY_3180s.mp4,3180,3200
https://www.youtube.com/watch?v=oxuXrlrD8o8,Fireside Chat How to thrive in today’s volatile economic environment,FICCI India,UCALjuz5KMIdzTMAD9MXmKmg,3910,445,2,20210316,2025-03-11 18:24:44,20210316_Fireside Chat How to thrive in today’s volatile economic environment_FICCI India_1958s.mp4,1958,1978
https://www.youtube.com/watch?v=Dit5tBWrs38,Futurist Keynote Speaker Gerd Leonhard the future of technology and humanity IAPP 2016,Gerd Leonhard,UCOHm-yfLAeTYdLd4fnALewA,1857,2359,10,20170125,2025-03-11 18:24:44,20170125_Futurist Keynote Speaker Gerd Leonhard the future of technology and humanity IAPP 2016_Gerd Leonhard_119s.mp4,119,139
https://www.youtube.com/watch?v=SP2zqJVAANQ,"Dublin Web Summit  Panel Discussion Wael Ghonim, Joe Green & Maya Baratz",Silicon Republic,UCZpuK3DHBkZpwPCSZwI2IUw,1024,1265,1,20121019,2025-03-11 18:25:13,"20121019_Dublin Web Summit  Panel Discussion Wael Ghonim, Joe Green & Maya Baratz_Silicon Republic_912s.mp4",912,932
https://www.youtube.com/watch?v=D8D6KyuGpDA,Futurist Keynote Speaker Gerd Leonhard The Internet of Things - what's the big deal,Gerd Leonhard,UCOHm-yfLAeTYdLd4fnALewA,106,2655,42,20180510,2025-03-11 18:25:21,20180510_Futurist Keynote Speaker Gerd Leonhard The Internet of Things - what's the big deal_Gerd Leonhard_74s.mp4,74,94
https://www.youtube.com/watch?v=BQWB9q8nyDg,"Keynote with Betsey Stevenson, Council of Economic Advisors",New America,UCvQQMY6TyUdt5VeHpuHv_Dg,1250,230,3,20141022,2025-03-11 18:25:45,"20141022_Keynote with Betsey Stevenson, Council of Economic Advisors_New America_972s.mp4",972,992
https://www.youtube.com/watch?v=pPgux-U4hfM,"This City Imagined  Panel Discussion  Open House Europe Annual Summit  Dublin, Ireland",Open House Europe,UCctfzFs8Qzxj0y4sJqXs8ow,5983,508,11,20250226,2025-03-11 18:26:08,"20250226_This City Imagined  Panel Discussion  Open House Europe Annual Summit  Dublin, Ireland_Open House Europe_3895s.mp4",3895,3915
https://www.youtube.com/watch?v=opcXMRWwJ2E,Keynote speech Preparing students for a tech-driven world,European Schoolnet,UCvedR-uXVmyYfFeVWeNokbQ,2534,103,2,20231214,2025-03-11 18:26:12,20231214_Keynote speech Preparing students for a tech-driven world_European Schoolnet_1094s.mp4,1094,1114
https://www.youtube.com/watch?v=Kc6ZJw3r9wc,Fox News Interview Elon Musk exposes why Democrats don’t want ‘waste and fraud’ to be turned off,I Hate Politics,UC2EOpubVbooWpLUODVPPGJg,1115,53,5,20250311,2025-03-11 18:26:39,20250311_Fox News Interview Elon Musk exposes why Democrats don’t want ‘waste and fraud’ to be turned off_I Hate Politics_778s.mp4,778,798
https://www.youtube.com/watch?v=5WXT3_mTyA4,Breaking News  Today’s Update  News World India,News World India,UCO3SgYrR8KCArqF_k-tzJAg,544,39,2,20250307,2025-03-11 18:26:42,20250307_Breaking News  Today’s Update  News World India_News World India_367s.mp4,367,387
https://www.youtube.com/watch?v=ep15u0WhQOQ,Policy keynote speech by Randal K. Quarles,European Central Bank,UCXB8fM4VyQubRu3UVGhd3wA,1608,1486,,20190329,2025-03-11 18:26:59,20190329_Policy keynote speech by Randal K. Quarles_European Central Bank_533s.mp4,533,553
https://www.youtube.com/watch?v=74KAYeHjok4,How tokenization of the economy can drive financial inclusion & economic integration through CBDCs,LACNet Networks,UC9_x8oGFnI7fThUj-LfVP6g,1198,36,4,20250306,2025-03-11 18:27:09,20250306_How tokenization of the economy can drive financial inclusion & economic integration through CBDCs_LACNet Networks_785s.mp4,785,805
https://www.youtube.com/watch?v=pmqoL9KnoNw,Duncan Ferguson  The Playing Years  My Life At Everton  Exclusive Interview,Toffee TV  Everton Fan Channel,UCGW8QX7RCU_UBKKcDRN0Dgg,3061,139321,1338,20191120,2025-03-11 18:27:34,20191120_Duncan Ferguson  The Playing Years  My Life At Everton  Exclusive Interview_Toffee TV  Everton Fan Channel_2230s.mp4,2230,2250
https://www.youtube.com/watch?v=EbPSUkkdXIU,Keynote speech by Amaia Perez Orozco at RLS Summer School “Feminist Economy and Social Justice,RosaluxEuropa,UCD5HU7KvLjJzkzh-BcAMrPQ,1343,19,1,20250206,2025-03-11 18:27:53,20250206_Keynote speech by Amaia Perez Orozco at RLS Summer School “Feminist Economy and Social Justice_RosaluxEuropa_85s.mp4,85,105
https://www.youtube.com/watch?v=Y78N_wLhMcU,Inside Bitcoin's Next Wave A Fireside Chat with Ego Death Capital,Sandeep Goenka,UCqdzaTPcfiiOI8yecz8sChQ,2235,210,11,20230724,2025-03-11 18:27:56,20230724_Inside Bitcoin's Next Wave A Fireside Chat with Ego Death Capital_Sandeep Goenka_1361s.mp4,1361,1381
https://www.youtube.com/watch?v=LUF56NgBdSY,A New Chapter for Jess Moskaluke  Exclusive Interview,Hidden Beats,UC5QtC7f047uRRNfpAYeZusw,1346,6330,386,20250129,2025-03-11 18:28:02,20250129_A New Chapter for Jess Moskaluke  Exclusive Interview_Hidden Beats_573s.mp4,573,593
https://www.youtube.com/watch?v=-aZx641NycI,News World India Live  Abhi Abhi LIVE  Latest News  Hindi News  Breaking News,News World India,UCO3SgYrR8KCArqF_k-tzJAg,1488,41,0,20210716,2025-03-11 18:28:07,20210716_News World India Live  Abhi Abhi LIVE  Latest News  Hindi News  Breaking News_News World India_1224s.mp4,1224,1244
https://www.youtube.com/watch?v=28cfwDKSn1U,David L. Bahnsen Should we use Bitcoin as a Governmental Reserve Absolutely Not!,The Bahnsen Group,UCuhO5znD0xXg9tM6ujGHlJA,52,611,20,20250310,2025-03-11 18:28:07,20250310_David L. Bahnsen Should we use Bitcoin as a Governmental Reserve Absolutely Not!_The Bahnsen Group_0s.mp4,0,20
https://www.youtube.com/watch?v=41uaYRW0jIA,Future Tech IP Summit Keynote Speech,Cosmonauts Ltd,UCopayDAAa2P-RKcuxnw6Hnw,665,48,1,20171227,2025-03-11 18:28:07,20171227_Future Tech IP Summit Keynote Speech_Cosmonauts Ltd_417s.mp4,417,437
https://www.youtube.com/watch?v=U8ehQ-92yk4,PM Trudeau moderates a panel discussion on gender equality and women’s empowerment,Prime Minister of Canada,UCyvEONnqE2Krm9Zi0LVvGmA,3865,1277,,20180516,2025-03-11 18:28:08,20180516_PM Trudeau moderates a panel discussion on gender equality and women’s empowerment_Prime Minister of Canada_3416s.mp4,3416,3436
https://www.youtube.com/watch?v=9ZpMwNz5aCY,Panel Discussion Summing Up the Summit OpenSSF’s May 2022 Gathering and Action Plan,The Linux Foundation,UCfX55Sx5hEFjoC3cNs6mCUQ,2647,15,0,20220730,2025-03-11 18:28:09,20220730_Panel Discussion Summing Up the Summit OpenSSF’s May 2022 Gathering and Action Plan_The Linux Foundation_2114s.mp4,2114,2134
https://www.youtube.com/watch?v=pHQhBdMZLIs,Breaking News  Today’s Update  News World India,News World India,UCO3SgYrR8KCArqF_k-tzJAg,334,38,2,20250224,2025-03-11 18:28:51,20250224_Breaking News  Today’s Update  News World India_News World India_87s.mp4,87,107
https://www.youtube.com/watch?v=xx_xQ_XJqfI,"Latest 30 breaking news on 16th oct on PM modi, world cup 2023, vijay kumar sinha, kl rahul, sBI.",Bihari news,UCqgAJAFCYnfuDyN1r1_nLYA,724,5554,171,20231016,2025-03-11 18:28:52,"20231016_Latest 30 breaking news on 16th oct on PM modi, world cup 2023, vijay kumar sinha, kl rahul, sBI._Bihari news_667s.mp4",667,687
https://www.youtube.com/watch?v=Nb-30mfAPRk,"Second ESRB Annual Conference - Keynote speech Q&A Tobias Adrian, International Monetary Fund",European Central Bank,UCXB8fM4VyQubRu3UVGhd3wA,571,244,1,20170925,2025-03-11 18:28:58,"20170925_Second ESRB Annual Conference - Keynote speech Q&A Tobias Adrian, International Monetary Fund_European Central Bank_289s.mp4",289,309
https://www.youtube.com/watch?v=dyXNgFYXd_E,Virtual Keynote Speaker ⋅ Interactive and Engaging Remote Training ⋅ Webinars ⋅ Online Courses,Sylvie di Giusto,UCvSrUdBQGLPsN2HrHPc2YrQ,105,1972,31,20200420,2025-03-11 18:28:58,20200420_Virtual Keynote Speaker ⋅ Interactive and Engaging Remote Training ⋅ Webinars ⋅ Online Courses_Sylvie di Giusto_85s.mp4,85,105
https://www.youtube.com/watch?v=XlcuCUGeF6o,Henry Cejudo 🚨 EXCLUSIVE INTERVIEW 🚨,Chamatkar Sandhu,UC1TdD7svXubPlyxLnd79ang,2682,1683,48,20230518,2025-03-11 18:29:06,20230518_Henry Cejudo 🚨 EXCLUSIVE INTERVIEW 🚨_Chamatkar Sandhu_1941s.mp4,1941,1961
https://www.youtube.com/watch?v=_WCK0EKlKaM,Fireside chat on financial modelling and credit scoring,Hasgeek TV,UCDHao9FxNRHw1VyLuGXI_rA,4328,375,5,20190122,2025-03-11 18:29:07,20190122_Fireside chat on financial modelling and credit scoring_Hasgeek TV_1171s.mp4,1171,1191
https://www.youtube.com/watch?v=TphEPYYH7gk,EFF30 Fireside Chat Founders Edition,EFForg,UCS66aeKQNvJSOOGPjVHDE3Q,4143,732,36,20210729,2025-03-11 18:29:42,20210729_EFF30 Fireside Chat Founders Edition_EFForg_3134s.mp4,3134,3154
https://www.youtube.com/watch?v=0ng47AtX9Qc,DC³ Conference - Fireside Chat Can digital currencies take financial inclusion to the next level,ITU,UCQdZWRxu7uCjkCay0OCnvWw,3764,736,4,20220126,2025-03-11 18:29:44,20220126_DC³ Conference - Fireside Chat Can digital currencies take financial inclusion to the next level_ITU_2489s.mp4,2489,2509
https://www.youtube.com/watch?v=NmZzuXpNyOQ,Websummit 2018 CTO panel discussion.,Cisco DevNet,UChRmUH4H5hiYzPiFhvNoCIg,160,153,4,20181108,2025-03-11 18:29:48,20181108_Websummit 2018 CTO panel discussion._Cisco DevNet_109s.mp4,109,129
https://www.youtube.com/watch?v=UN6Jua_k4Rg,"Fireside chat with Jeffrey Olson, Vice President of Business Development and Finance, Kairos",International Energy Agency,UCiMPkzrVSCEDm3TatvdVylw,649,304,4,20241205,2025-03-11 18:29:53,"20241205_Fireside chat with Jeffrey Olson, Vice President of Business Development and Finance, Kairos_International Energy Agency_366s.mp4",366,386
https://www.youtube.com/watch?v=D0p3-83U1Nc,"Visionary Keynote Speech Wim Elfrink, Cisco @ ITU TELECOM WORLD 2012",ITU,UCQdZWRxu7uCjkCay0OCnvWw,3206,757,3,20130325,2025-03-11 18:30:14,"20130325_Visionary Keynote Speech Wim Elfrink, Cisco @ ITU TELECOM WORLD 2012_ITU_2969s.mp4",2969,2989
https://www.youtube.com/watch?v=5EURJI9x9Qs,"Manfred Max-Neef, Father of Barefoot Economics - Keynote at Zermatt Summit 2012",Zermatt Summit Foundation,UCevhY5kxyuHd9tug4vNPAsw,2790,21768,257,20120622,2025-03-11 18:30:14,"20120622_Manfred Max-Neef, Father of Barefoot Economics - Keynote at Zermatt Summit 2012_Zermatt Summit Foundation_2576s.mp4",2576,2596
https://www.youtube.com/watch?v=iy3bvnkDOSM,Bogleheads® Conference 2019 - Bill McNabb & Bill Bernstein Fireside Chat,Bogleheads,UC77ksrKd7P8uXslpuy6HAfQ,4233,2739,42,20210809,2025-03-11 18:30:23,20210809_Bogleheads® Conference 2019 - Bill McNabb & Bill Bernstein Fireside Chat_Bogleheads_1993s.mp4,1993,2013
https://www.youtube.com/watch?v=u1V18kVpS1U,Think with Google Brazil Tech & Telecom Keynote Speaker Gerd Leonhard,Gerd Leonhard,UCOHm-yfLAeTYdLd4fnALewA,2606,152,1,20130823,2025-03-11 18:30:47,20130823_Think with Google Brazil Tech & Telecom Keynote Speaker Gerd Leonhard_Gerd Leonhard_1478s.mp4,1478,1498
https://www.youtube.com/watch?v=rkTkt4_VvMY,Heather Cox Richardson on the evolution of the Republican Party,UC Berkeley,UCZAXKyvvIV4uU4YvP5dmrmA,5893,47419,2177,20250307,2025-03-11 18:30:58,20250307_Heather Cox Richardson on the evolution of the Republican Party_UC Berkeley_3744s.mp4,3744,3764
https://www.youtube.com/watch?v=_LvWrM_tI7k,Episode 1 Introducing the EcoPolitics Podcast,Ecopolitics Podcast,UCASM6iZ3oY3Mn1J4P_Mg6xQ,1924,703,16,20200909,2025-03-11 18:31:21,20200909_Episode 1 Introducing the EcoPolitics Podcast_Ecopolitics Podcast_1785s.mp4,1785,1805
https://www.youtube.com/watch?v=UzilfBtmejY,Exclusive Interview Real Estate Expert Reveals Insights,The Advisor With Stacey Chillemi ,UCcf0_g4Kd4BPRs1yrmqTnpA,3071,41,1,20240321,2025-03-11 18:31:22,20240321_Exclusive Interview Real Estate Expert Reveals Insights_The Advisor With Stacey Chillemi _2553s.mp4,2553,2573
https://www.youtube.com/watch?v=bIK6ygirFJ0,Keynote speech by Jayati Ghosh at RLS Summer School “Feminist Economy and Social Justice,RosaluxEuropa,UCD5HU7KvLjJzkzh-BcAMrPQ,999,45,1,20250206,2025-03-11 18:31:29,20250206_Keynote speech by Jayati Ghosh at RLS Summer School “Feminist Economy and Social Justice_RosaluxEuropa_419s.mp4,419,439
https://www.youtube.com/watch?v=arPzX14Va9M,Breaking News  Today’s Update  News World India,News World India,UCO3SgYrR8KCArqF_k-tzJAg,739,73,4,20250308,2025-03-11 18:31:30,20250308_Breaking News  Today’s Update  News World India_News World India_671s.mp4,671,691
https://www.youtube.com/watch?v=HYjzZq5iK68,Interview with News Nation,Rahul Gandhi,UC1DtEMePmr4O6F2do6BVl7A,1305,467320,,20190514,2025-03-11 18:31:32,20190514_Interview with News Nation_Rahul Gandhi_798s.mp4,798,818
https://www.youtube.com/watch?v=3WARy9413AY,"Fireside chat with Andreas Schierenbeck, CEO of Hitachi Energy",International Energy Agency,UCiMPkzrVSCEDm3TatvdVylw,663,820,6,20241205,2025-03-11 18:31:35,"20241205_Fireside chat with Andreas Schierenbeck, CEO of Hitachi Energy_International Energy Agency_488s.mp4",488,508
https://www.youtube.com/watch?v=ATsPTWqyWHE,Djokovic Responds after Skipping Interview at Australian Open 2025  Tennis News,TENNIS TALK with Cam Williams,UCObs7FwjNmLB3u5fcHiLCWA,100,72217,784,20250119,2025-03-11 18:31:49,20250119_Djokovic Responds after Skipping Interview at Australian Open 2025  Tennis News_TENNIS TALK with Cam Williams_79s.mp4,79,99
https://www.youtube.com/watch?v=nBOIl5cyMgA,Padma Shri Chef Sanjeev Kapoor's Exclusive Interview With Argus News,Argus News,UCwBK7Cdk0wq8rCjxcvaoHzg,61,416,16,20230508,2025-03-12 00:09:55,20230508_Padma Shri Chef Sanjeev Kapoor's Exclusive Interview With Argus News_Argus News_0s.mp4,0,20
https://www.youtube.com/watch?v=m3lSIlxhDhc,Top 15 Headlines हिंदी समाचार बुलेटिन। Fatafat News  Breaking News । News World India,News World India,UCO3SgYrR8KCArqF_k-tzJAg,811,42,1,20220902,2025-03-12 00:09:57,20220902_Top 15 Headlines हिंदी समाचार बुलेटिन। Fatafat News  Breaking News । News World India_News World India_110s.mp4,110,130
https://www.youtube.com/watch?v=a6Up9HQJgK4,EFF Fireside Chat There's a Lot More to Crime Solving Than Breaking Encryption,EFForg,UCS66aeKQNvJSOOGPjVHDE3Q,46,248,13,20201215,2025-03-12 00:10:18,20201215_EFF Fireside Chat There's a Lot More to Crime Solving Than Breaking Encryption_EFForg_0s.mp4,0,20
https://www.youtube.com/watch?v=PI1cS3xgpc0,Futurist Keynote Speaker Gerd Leonhard if you become technology you also become a commodity,Gerd Leonhard,UCOHm-yfLAeTYdLd4fnALewA,33,443,3,20160626,2025-03-12 00:10:23,20160626_Futurist Keynote Speaker Gerd Leonhard if you become technology you also become a commodity_Gerd Leonhard_0s.mp4,0,20
https://www.youtube.com/watch?v=bWImtwMu22M,Anupam Kher's Exclusive Interview With Argus News,Argus News,UCwBK7Cdk0wq8rCjxcvaoHzg,77,1864,7,20230124,2025-03-12 00:10:39,20230124_Anupam Kher's Exclusive Interview With Argus News_Argus News_0s.mp4,0,20
https://www.youtube.com/watch?v=RAbAe1sVi-s,Fireside chat with Marlies Piek and Duncan Pieterse,UNU-WIDER,UCSYvZEhPjU62PKTqQtQvRGg,1577,81,0,20211122,2025-03-12 00:10:39,20211122_Fireside chat with Marlies Piek and Duncan Pieterse_UNU-WIDER_860s.mp4,860,880
https://www.youtube.com/watch?v=CUNzCS3bmNs,New Degree for Medical Computer Specialists HISM @ CBET.edu,Better Biomed Channel,UC5iZzbAn_abSOoNbNaiTRVw,135,547,31,20240108,2025-03-12 00:11:10,20240108_New Degree for Medical Computer Specialists HISM @ CBET.edu_Better Biomed Channel_110s.mp4,110,130
https://www.youtube.com/watch?v=b1C_lUPE_zw,"Trump's team begins rebellion against Elon Musk, deep cracks appear within the US government",Kanal13,UC_TneqvSfh-KsIyZMlJjVsQ,485,2943,113,20250309,2025-03-12 00:11:12,"20250309_Trump's team begins rebellion against Elon Musk, deep cracks appear within the US government_Kanal13_379s.mp4",379,399
https://www.youtube.com/watch?v=4Em9mTOC-7o,Exclusive Interview with Dan The Beast Severn,WrestleRock Podcast,UCAn1z5Sbf7lwiTFj-vQVD1Q,1545,333,4,20221006,2025-03-12 00:11:30,20221006_Exclusive Interview with Dan The Beast Severn_WrestleRock Podcast_681s.mp4,681,701
https://www.youtube.com/watch?v=41OROi_f634,Bogleheads® Conference 2015 - John Bogle & Bill Bernstein Fireside Chat,Bogleheads,UC77ksrKd7P8uXslpuy6HAfQ,2007,432,10,20210809,2025-03-12 00:11:52,20210809_Bogleheads® Conference 2015 - John Bogle & Bill Bernstein Fireside Chat_Bogleheads_1632s.mp4,1632,1652
https://www.youtube.com/watch?v=eoS0ZASyiJs,"ECB Conference on Forecasting Techniques, June 2023 - Session 3, Keynote speech",European Central Bank,UCXB8fM4VyQubRu3UVGhd3wA,3108,294,3,20230619,2025-03-12 00:12:07,"20230619_ECB Conference on Forecasting Techniques, June 2023 - Session 3, Keynote speech_European Central Bank_2992s.mp4",2992,3012
https://www.youtube.com/watch?v=kVGFAawtDFA,"Keynote Fireside Chat with Vitalik Buterin, Co-founder, Ethereum",LF Decentralized Trust,UC7_X0WkMtkWzaVUKF-PRBNQ,1127,1468,50,20210609,2025-03-12 00:12:37,"20210609_Keynote Fireside Chat with Vitalik Buterin, Co-founder, Ethereum_LF Decentralized Trust_909s.mp4",909,929
https://www.youtube.com/watch?v=DdaqUd7nHFg,2023 Peace and War Summit Panel Session 4 3202023,ORCA Media,UCrM4z9DzdvD3bnA5E7tDtKQ,4789,11,0,20230830,2025-03-12 00:12:37,20230830_2023 Peace and War Summit Panel Session 4 3202023_ORCA Media_3675s.mp4,3675,3695
https://www.youtube.com/watch?v=X2keWlTAy5I,¿Qué fue de Edu,JUANCH SPORTS,UCS40Q2uy_XAN3J8ebmRLkzg,222,316108,4314,20201224,2025-03-12 00:12:40,20201224_¿Qué fue de Edu_JUANCH SPORTS_92s.mp4,92,112
https://www.youtube.com/watch?v=ld1ob2FlnYE,'This was SO bad' - Reacting to Sir Jim Ratcliffe's Interview,The Chronicles of a Gooner  Harry Symeou,UCbDo0kye_J-N0TkQoBTPSjA,1637,3165,158,20250311,2025-03-12 00:13:17,20250311_'This was SO bad' - Reacting to Sir Jim Ratcliffe's Interview_The Chronicles of a Gooner  Harry Symeou_857s.mp4,857,877
https://www.youtube.com/watch?v=LI1NJUYuV5E,EFF Fireside Chat The Need for Strong Encryption Trumps the Need for Backdoors from Law Enforcement,EFForg,UCS66aeKQNvJSOOGPjVHDE3Q,50,42,4,20201215,2025-03-12 00:13:28,20201215_EFF Fireside Chat The Need for Strong Encryption Trumps the Need for Backdoors from Law Enforcement_EFForg_0s.mp4,0,20
https://www.youtube.com/watch?v=Hg_MZ4x2ecc,Mercer Investment  A Fireside Chat with Rich Nuzum,Mercer,UCEj17pQTkXZDB6LUU5xPaJA,2675,86,0,20230423,2025-03-12 00:13:42,20230423_Mercer Investment  A Fireside Chat with Rich Nuzum_Mercer_745s.mp4,745,765
https://www.youtube.com/watch?v=HfmP0imG-lE,Student Panel Discussion Moderated by Premier Christy Clark - ERASE Bullying Summit,GovernmentofBC,UC6n9tFQOVepHP3TIeYXnhSA,1114,956,4,20121214,2025-03-12 00:13:54,20121214_Student Panel Discussion Moderated by Premier Christy Clark - ERASE Bullying Summit_GovernmentofBC_265s.mp4,265,285
https://www.youtube.com/watch?v=51f6OKYCJ04,Exclusive Interview with Sabu (ECW Special Edition Podcast Part 1),WrestleRock Podcast,UCAn1z5Sbf7lwiTFj-vQVD1Q,1122,476,11,20220904,2025-03-12 00:14:02,20220904_Exclusive Interview with Sabu (ECW Special Edition Podcast Part 1)_WrestleRock Podcast_906s.mp4,906,926
https://www.youtube.com/watch?v=63u4AW08OIw,I'm Changing the Way I Think About Politics,vlogbrothers,UCGaVdbSav8xWuFWTadK6loA,219,389512,24385,20221028,2025-03-12 00:14:17,20221028_I'm Changing the Way I Think About Politics_vlogbrothers_114s.mp4,114,134
https://www.youtube.com/watch?v=n-OrFV60ZTo,Live PM Modi's interview to DD News,Narendra Modi,UC1NF71EwP41VdjAU1iXdLkw,616,1405511,17773,20240520,2025-03-12 00:14:30,20240520_Live PM Modi's interview to DD News_Narendra Modi_165s.mp4,165,185
https://www.youtube.com/watch?v=Dit5tBWrs38,Futurist Keynote Speaker Gerd Leonhard the future of technology and humanity IAPP 2016,Gerd Leonhard,UCOHm-yfLAeTYdLd4fnALewA,1857,2359,10,20170125,2025-03-12 00:14:32,20170125_Futurist Keynote Speaker Gerd Leonhard the future of technology and humanity IAPP 2016_Gerd Leonhard_624s.mp4,624,644
https://www.youtube.com/watch?v=w98s9Cxslhk,Fireside chat with David Crane  Crane  Stanford Energy Seminar,Stanford ENERGY,UCl61FygpQRrpphc_GKSWLJw,3453,723,5,20230202,2025-03-12 00:14:46,20230202_Fireside chat with David Crane  Crane  Stanford Energy Seminar_Stanford ENERGY_2946s.mp4,2946,2966
https://www.youtube.com/watch?v=oxuXrlrD8o8,Fireside Chat How to thrive in today’s volatile economic environment,FICCI India,UCALjuz5KMIdzTMAD9MXmKmg,3910,445,2,20210316,2025-03-12 00:14:56,20210316_Fireside Chat How to thrive in today’s volatile economic environment_FICCI India_1813s.mp4,1813,1833
https://www.youtube.com/watch?v=momePD4BetY,IOM Director General on the Situation in Sudan - CBC News Interview,IOM - UN Migration,UCTPDxhZ5d8nZgZFLTITA5LA,339,206,3,20230516,2025-03-12 00:15:14,20230516_IOM Director General on the Situation in Sudan - CBC News Interview_IOM - UN Migration_241s.mp4,241,261
https://www.youtube.com/watch?v=SP2zqJVAANQ,"Dublin Web Summit  Panel Discussion Wael Ghonim, Joe Green & Maya Baratz",Silicon Republic,UCZpuK3DHBkZpwPCSZwI2IUw,1024,1265,1,20121019,2025-03-12 00:15:30,"20121019_Dublin Web Summit  Panel Discussion Wael Ghonim, Joe Green & Maya Baratz_Silicon Republic_587s.mp4",587,607
https://www.youtube.com/watch?v=LUF56NgBdSY,A New Chapter for Jess Moskaluke  Exclusive Interview,Hidden Beats,UC5QtC7f047uRRNfpAYeZusw,1346,6330,386,20250129,2025-03-12 00:15:42,20250129_A New Chapter for Jess Moskaluke  Exclusive Interview_Hidden Beats_1101s.mp4,1101,1121
https://www.youtube.com/watch?v=YBVjhyfjZzQ,Bogleheads® Conference 2014 -John Bogle & Bill Bernstein Fireside Chat,Bogleheads,UC77ksrKd7P8uXslpuy6HAfQ,2547,186,2,20210809,2025-03-12 00:15:46,20210809_Bogleheads® Conference 2014 -John Bogle & Bill Bernstein Fireside Chat_Bogleheads_793s.mp4,793,813
https://www.youtube.com/watch?v=ep15u0WhQOQ,Policy keynote speech by Randal K. Quarles,European Central Bank,UCXB8fM4VyQubRu3UVGhd3wA,1608,1486,,20190329,2025-03-12 00:16:18,20190329_Policy keynote speech by Randal K. Quarles_European Central Bank_833s.mp4,833,853
https://www.youtube.com/watch?v=opcXMRWwJ2E,Keynote speech Preparing students for a tech-driven world,European Schoolnet,UCvedR-uXVmyYfFeVWeNokbQ,2534,103,2,20231214,2025-03-12 00:16:27,20231214_Keynote speech Preparing students for a tech-driven world_European Schoolnet_416s.mp4,416,436
https://www.youtube.com/watch?v=5WXT3_mTyA4,Breaking News  Today’s Update  News World India,News World India,UCO3SgYrR8KCArqF_k-tzJAg,544,40,2,20250307,2025-03-12 00:16:35,20250307_Breaking News  Today’s Update  News World India_News World India_382s.mp4,382,402
https://www.youtube.com/watch?v=Kc6ZJw3r9wc,Fox News Interview Elon Musk exposes why Democrats don’t want ‘waste and fraud’ to be turned off,I Hate Politics,UC2EOpubVbooWpLUODVPPGJg,1115,73,6,20250311,2025-03-12 00:16:43,20250311_Fox News Interview Elon Musk exposes why Democrats don’t want ‘waste and fraud’ to be turned off_I Hate Politics_128s.mp4,128,148
https://www.youtube.com/watch?v=_Gbofar67RY,Louis Soares & Ryan Davis Fireside Chat,Saylor Academy,UCUbnqNCWFLqNXswvU9oWyFA,2267,66,1,20180730,2025-03-12 00:16:45,20180730_Louis Soares & Ryan Davis Fireside Chat_Saylor Academy_796s.mp4,796,816
https://www.youtube.com/watch?v=G3eve1fXdY4,Keynote speech William Nordhaus - ECB Conference on Monetary Policy - 19 October 2020,European Central Bank,UCXB8fM4VyQubRu3UVGhd3wA,3973,1683,13,20201020,2025-03-12 00:17:15,20201020_Keynote speech William Nordhaus - ECB Conference on Monetary Policy - 19 October 2020_European Central Bank_3023s.mp4,3023,3043
https://www.youtube.com/watch?v=Y78N_wLhMcU,Inside Bitcoin's Next Wave A Fireside Chat with Ego Death Capital,Sandeep Goenka,UCqdzaTPcfiiOI8yecz8sChQ,2235,210,11,20230724,2025-03-12 00:17:34,20230724_Inside Bitcoin's Next Wave A Fireside Chat with Ego Death Capital_Sandeep Goenka_1679s.mp4,1679,1699
https://www.youtube.com/watch?v=JUpKJuViCNc,#PitchCMO Summit'23  Panel Discussion Adopting Agile Marketing Need For A Mindset Shift.,exchange4media Group,UC13NIM-ePLUiKf37-ZhVMkw,3002,495,4,20230324,2025-03-12 00:17:34,20230324_#PitchCMO Summit'23  Panel Discussion Adopting Agile Marketing Need For A Mindset Shift._exchange4media Group_904s.mp4,904,924
https://www.youtube.com/watch?v=41uaYRW0jIA,Future Tech IP Summit Keynote Speech,Cosmonauts Ltd,UCopayDAAa2P-RKcuxnw6Hnw,665,48,1,20171227,2025-03-12 00:17:38,20171227_Future Tech IP Summit Keynote Speech_Cosmonauts Ltd_80s.mp4,80,100
https://www.youtube.com/watch?v=9ZpMwNz5aCY,Panel Discussion Summing Up the Summit OpenSSF’s May 2022 Gathering and Action Plan,The Linux Foundation,UCfX55Sx5hEFjoC3cNs6mCUQ,2647,15,0,20220730,2025-03-12 00:17:44,20220730_Panel Discussion Summing Up the Summit OpenSSF’s May 2022 Gathering and Action Plan_The Linux Foundation_1194s.mp4,1194,1214
https://www.youtube.com/watch?v=-aZx641NycI,News World India Live  Abhi Abhi LIVE  Latest News  Hindi News  Breaking News,News World India,UCO3SgYrR8KCArqF_k-tzJAg,1488,41,0,20210716,2025-03-12 00:17:54,20210716_News World India Live  Abhi Abhi LIVE  Latest News  Hindi News  Breaking News_News World India_1230s.mp4,1230,1250
https://www.youtube.com/watch?v=pBwHDBA_UGs,Exclusive Interview with Randy The Natural Couture,WrestleRock Podcast,UCAn1z5Sbf7lwiTFj-vQVD1Q,1364,935,10,20221027,2025-03-12 00:18:05,20221027_Exclusive Interview with Randy The Natural Couture_WrestleRock Podcast_596s.mp4,596,616
https://www.youtube.com/watch?v=xx_xQ_XJqfI,"Latest 30 breaking news on 16th oct on PM modi, world cup 2023, vijay kumar sinha, kl rahul, sBI.",Bihari news,UCqgAJAFCYnfuDyN1r1_nLYA,724,5554,171,20231016,2025-03-12 00:18:16,"20231016_Latest 30 breaking news on 16th oct on PM modi, world cup 2023, vijay kumar sinha, kl rahul, sBI._Bihari news_229s.mp4",229,249
https://www.youtube.com/watch?v=_WCK0EKlKaM,Fireside chat on financial modelling and credit scoring,Hasgeek TV,UCDHao9FxNRHw1VyLuGXI_rA,4328,375,5,20190122,2025-03-12 00:18:33,20190122_Fireside chat on financial modelling and credit scoring_Hasgeek TV_364s.mp4,364,384
https://www.youtube.com/watch?v=XlcuCUGeF6o,Henry Cejudo 🚨 EXCLUSIVE INTERVIEW 🚨,Chamatkar Sandhu,UC1TdD7svXubPlyxLnd79ang,2682,1683,48,20230518,2025-03-12 00:18:58,20230518_Henry Cejudo 🚨 EXCLUSIVE INTERVIEW 🚨_Chamatkar Sandhu_2130s.mp4,2130,2150
https://www.youtube.com/watch?v=TphEPYYH7gk,EFF30 Fireside Chat Founders Edition,EFForg,UCS66aeKQNvJSOOGPjVHDE3Q,4143,732,36,20210729,2025-03-12 00:19:09,20210729_EFF30 Fireside Chat Founders Edition_EFForg_2857s.mp4,2857,2877
https://www.youtube.com/watch?v=0ng47AtX9Qc,DC³ Conference - Fireside Chat Can digital currencies take financial inclusion to the next level,ITU,UCQdZWRxu7uCjkCay0OCnvWw,3764,736,4,20220126,2025-03-12 00:19:14,20220126_DC³ Conference - Fireside Chat Can digital currencies take financial inclusion to the next level_ITU_2419s.mp4,2419,2439
https://www.youtube.com/watch?v=NmZzuXpNyOQ,Websummit 2018 CTO panel discussion.,Cisco DevNet,UChRmUH4H5hiYzPiFhvNoCIg,160,153,4,20181108,2025-03-12 00:19:22,20181108_Websummit 2018 CTO panel discussion._Cisco DevNet_101s.mp4,101,121
https://www.youtube.com/watch?v=iva-I_fzS10,KhanEd Summit 2025 - Panel Discussion - Empowering Learning for All,Khan Academy India - English,UCg4BkaHyyE_4-RvEMJ2PTtA,3170,251,4,20250221,2025-03-12 00:19:27,20250221_KhanEd Summit 2025 - Panel Discussion - Empowering Learning for All_Khan Academy India - English_2698s.mp4,2698,2718
https://www.youtube.com/watch?v=dyXNgFYXd_E,Virtual Keynote Speaker ⋅ Interactive and Engaging Remote Training ⋅ Webinars ⋅ Online Courses,Sylvie di Giusto,UCvSrUdBQGLPsN2HrHPc2YrQ,105,1972,31,20200420,2025-03-12 00:19:28,20200420_Virtual Keynote Speaker ⋅ Interactive and Engaging Remote Training ⋅ Webinars ⋅ Online Courses_Sylvie di Giusto_71s.mp4,71,91
https://www.youtube.com/watch?v=ATsPTWqyWHE,Djokovic Responds after Skipping Interview at Australian Open 2025  Tennis News,TENNIS TALK with Cam Williams,UCObs7FwjNmLB3u5fcHiLCWA,100,72218,784,20250119,2025-03-12 00:19:39,20250119_Djokovic Responds after Skipping Interview at Australian Open 2025  Tennis News_TENNIS TALK with Cam Williams_79s.mp4,79,99
https://www.youtube.com/watch?v=iy3bvnkDOSM,Bogleheads® Conference 2019 - Bill McNabb & Bill Bernstein Fireside Chat,Bogleheads,UC77ksrKd7P8uXslpuy6HAfQ,4233,2739,42,20210809,2025-03-12 00:19:48,20210809_Bogleheads® Conference 2019 - Bill McNabb & Bill Bernstein Fireside Chat_Bogleheads_2886s.mp4,2886,2906
https://www.youtube.com/watch?v=wdJFeSY8UVk,FYM News Michael Saylor Explains Bitcoin on Tucker Carlson Today - full interview (720p),F You Money! News,UC3DluEoAbT8V_llZVECaCRQ,4835,203538,4796,20211201,2025-03-12 00:19:49,20211201_FYM News Michael Saylor Explains Bitcoin on Tucker Carlson Today - full interview (720p)_F You Money! News_1784s.mp4,1784,1804
https://www.youtube.com/watch?v=yKlQ_kFXeVI,ZeroCon23 Fireside chat Financial Independence - What Can Banks Improve,Zero Project,UCG-JGkNezkgnYS1m-4bpX9w,1751,42,0,20230309,2025-03-12 00:20:04,20230309_ZeroCon23 Fireside chat Financial Independence - What Can Banks Improve_Zero Project_1079s.mp4,1079,1099
https://www.youtube.com/watch?v=rkTkt4_VvMY,Heather Cox Richardson on the evolution of the Republican Party,UC Berkeley,UCZAXKyvvIV4uU4YvP5dmrmA,5893,48655,2204,20250307,2025-03-12 00:20:22,20250307_Heather Cox Richardson on the evolution of the Republican Party_UC Berkeley_4120s.mp4,4120,4140
https://www.youtube.com/watch?v=3WARy9413AY,"Fireside chat with Andreas Schierenbeck, CEO of Hitachi Energy",International Energy Agency,UCiMPkzrVSCEDm3TatvdVylw,663,820,6,20241205,2025-03-12 00:20:28,"20241205_Fireside chat with Andreas Schierenbeck, CEO of Hitachi Energy_International Energy Agency_485s.mp4",485,505
https://www.youtube.com/watch?v=bIK6ygirFJ0,Keynote speech by Jayati Ghosh at RLS Summer School “Feminist Economy and Social Justice,RosaluxEuropa,UCD5HU7KvLjJzkzh-BcAMrPQ,999,45,1,20250206,2025-03-12 00:20:29,20250206_Keynote speech by Jayati Ghosh at RLS Summer School “Feminist Economy and Social Justice_RosaluxEuropa_661s.mp4,661,681
https://www.youtube.com/watch?v=arPzX14Va9M,Breaking News  Today’s Update  News World India,News World India,UCO3SgYrR8KCArqF_k-tzJAg,739,73,4,20250308,2025-03-12 00:20:39,20250308_Breaking News  Today’s Update  News World India_News World India_503s.mp4,503,523
https://www.youtube.com/watch?v=q2GmXVSGEXw,EXCLUSIVE INTERVIEW WITH APOSTLE JOSHUA SELMAN  Salvation Story Of Apostle Joshua Selman M3 Summit,CHRISTOCENTRIC MESSAGE,UCXf5PFWcI3EMQuqYyeL2HZA,4431,45087,1141,20200713,2025-03-12 00:21:16,20200713_EXCLUSIVE INTERVIEW WITH APOSTLE JOSHUA SELMAN  Salvation Story Of Apostle Joshua Selman M3 Summit_CHRISTOCENTRIC MESSAGE_2306s.mp4,2306,2326
https://www.youtube.com/watch?v=Z0fqA3UUvhY,"Jobs, Investment, and Rebuilding America Jason Furman's Keynote Address",New America,UCvQQMY6TyUdt5VeHpuHv_Dg,1683,229,2,20131114,2025-03-12 00:21:25,"20131114_Jobs, Investment, and Rebuilding America Jason Furman's Keynote Address_New America_492s.mp4",492,512
https://www.youtube.com/watch?v=Xpj_qUjsCpQ,Critical Thinking in Education - Kialo Edu,Naace - the EdTech Association,UCiXOairaZ8gwtkTN6SqMIYA,328,100,0,20231121,2025-03-12 00:21:32,20231121_Critical Thinking in Education - Kialo Edu_Naace - the EdTech Association_184s.mp4,184,204
https://www.youtube.com/watch?v=o0-rv4y_fuY,Award-winning Tech Futurist & Keynote Speaker Shivvy Jervis uncovers what's next,Shivvy Jervis,UCsae0u1309BkVT2_-8cZujg,189,62070,,20190214,2025-03-12 00:21:32,20190214_Award-winning Tech Futurist & Keynote Speaker Shivvy Jervis uncovers what's next_Shivvy Jervis_123s.mp4,123,143
https://www.youtube.com/watch?v=cmfKJO3z8Rw,Nobel Conference 59 - Academic Procession and Conference Opening,Gustavus Adolphus College,UCBi0Y_NLfgztRMjSIr44Ppw,2215,502,2,20231006,2025-03-12 00:21:59,20231006_Nobel Conference 59 - Academic Procession and Conference Opening_Gustavus Adolphus College_1379s.mp4,1379,1399
https://www.youtube.com/watch?v=qZK7eNRXvys,Welcome to Cult of Pedagogy on YouTube,Cult of Pedagogy,UCxEKnVOYnzM70yH7kDrU7bQ,56,3100,40,20131214,2025-03-12 00:23:34,20131214_Welcome to Cult of Pedagogy on YouTube_Cult of Pedagogy_0s.mp4,0,20
https://www.youtube.com/watch?v=iZxuFG9k7d4,Mindful Parenting - Session 18,Kiran Bedi,UCStOJC8F-Zn_oxeMi2lfQog,4157,441,16,20250309,2025-03-12 00:24:05,20250309_Mindful Parenting - Session 18_Kiran Bedi_863s.mp4,863,883
https://www.youtube.com/watch?v=y3fm6wNzK70,John Dewey’s 4 Principles of Education,Sprouts,UC-RKpEc4eE9PwJaupN91xYQ,329,508938,10926,20210130,2025-03-12 00:24:25,20210130_John Dewey’s 4 Principles of Education_Sprouts_261s.mp4,261,281
https://www.youtube.com/watch?v=Ua4tWEbmkYE,Mood recognition with Machine Learning - Virtual Developers Conference 2020,Mauritius Software Craftsmanship Community,UCeLiAZ5TlJla_uDj8_KndyA,2521,111,3,20210207,2025-03-12 00:24:39,20210207_Mood recognition with Machine Learning - Virtual Developers Conference 2020_Mauritius Software Craftsmanship Community_1938s.mp4,1938,1958
https://www.youtube.com/watch?v=dgySK6LzCHs,The Alexander C. Cushing International Law Conference - Day 3,U.S. Naval War College,UC9F18RmdfYvYjbMmRyFUdXw,13633,487,9,20210527,2025-03-12 00:24:47,20210527_The Alexander C. Cushing International Law Conference - Day 3_U.S. Naval War College_425s.mp4,425,445
https://www.youtube.com/watch?v=SXWoWaFwpNc,Culturally Responsive Education in Action,New America,UCvQQMY6TyUdt5VeHpuHv_Dg,353,14598,85,20211026,2025-03-12 00:25:22,20211026_Culturally Responsive Education in Action_New America_112s.mp4,112,132
https://www.youtube.com/watch?v=LfeK7sgrrK8,"Formulating a New Foreign Policy Approach toward Russia, Lunch Keynote",Center for Strategic & International Studies,UCr5jq6MC_VCe1c5ciIZtk_w,2231,6211,47,20141118,2025-03-12 00:25:26,"20141118_Formulating a New Foreign Policy Approach toward Russia, Lunch Keynote_Center for Strategic & International Studies_675s.mp4",675,695
https://www.youtube.com/watch?v=5EURJI9x9Qs,"Manfred Max-Neef, Father of Barefoot Economics - Keynote at Zermatt Summit 2012",Zermatt Summit Foundation,UCevhY5kxyuHd9tug4vNPAsw,2790,21768,257,20120622,2025-03-12 00:25:38,"20120622_Manfred Max-Neef, Father of Barefoot Economics - Keynote at Zermatt Summit 2012_Zermatt Summit Foundation_711s.mp4",711,731
https://www.youtube.com/watch?v=ewHC9EojVrw,Dr. Laura Cabrera opens the conference  Academic Conferences,The Cabrera Lab Podcast,UCrPL-fjYzM20amhUPXjZPbQ,265,379,3,20220607,2025-03-12 00:25:39,20220607_Dr. Laura Cabrera opens the conference  Academic Conferences_The Cabrera Lab Podcast_183s.mp4,183,203
https://www.youtube.com/watch?v=tG3gyAlHwmM,Monday Morning Live Stream Fireside Chat,The Office of the Privacy Commissioner for Bermuda,UCtsMZYfxOsvG9m6M8MeUgOA,1516,64,0,20231101,2025-03-12 00:25:46,20231101_Monday Morning Live Stream Fireside Chat_The Office of the Privacy Commissioner for Bermuda_254s.mp4,254,274
https://www.youtube.com/watch?v=RschZFj3vHI,What is Competency-Based Education,MIT Teaching Systems Lab,UCfzVImQvNXI3Km8Hthzc7yg,340,85526,938,20190228,2025-03-12 00:26:04,20190228_What is Competency-Based Education_MIT Teaching Systems Lab_114s.mp4,114,134
https://www.youtube.com/watch?v=1kX0aMiezSc,Dr. Derek Cabrera kicks off the second day of the 2022 conference  Academic Conferences,The Cabrera Lab Podcast,UCrPL-fjYzM20amhUPXjZPbQ,248,38,1,20220607,2025-03-12 00:26:18,20220607_Dr. Derek Cabrera kicks off the second day of the 2022 conference  Academic Conferences_The Cabrera Lab Podcast_209s.mp4,209,229
https://www.youtube.com/watch?v=4tkhkULqLpk,Empathy in Action Fireside Chat  IDC,Genesys,UC6OlhOuWZBJw0e_lRBYMCsw,1565,892,21,20220721,2025-03-12 00:26:19,20220721_Empathy in Action Fireside Chat  IDC_Genesys_512s.mp4,512,532
https://www.youtube.com/watch?v=XMg7OkFJnqc,"ITU INTERVIEW @ WCIT - 12 Jeferson Fued Nacif, Head, International Affairs, ANATEL",ITU,UCQdZWRxu7uCjkCay0OCnvWw,260,281,1,20121218,2025-03-12 00:26:21,"20121218_ITU INTERVIEW @ WCIT - 12 Jeferson Fued Nacif, Head, International Affairs, ANATEL_ITU_89s.mp4",89,109
https://www.youtube.com/watch?v=2vRn7B7bRlU,Keynote speech by Vítor Constâncio at ESRB international conference - 6 June 2016,European Central Bank,UCXB8fM4VyQubRu3UVGhd3wA,1453,396,0,20160606,2025-03-12 00:26:35,20160606_Keynote speech by Vítor Constâncio at ESRB international conference - 6 June 2016_European Central Bank_1287s.mp4,1287,1307
https://www.youtube.com/watch?v=oFCgIg78-mI,#ZeroCon25 Fireside Chat Day 2  The Zero Project Conference 2025,Zero Project,UCG-JGkNezkgnYS1m-4bpX9w,23732,589,,20250306,2025-03-12 00:26:36,20250306_#ZeroCon25 Fireside Chat Day 2  The Zero Project Conference 2025_Zero Project_12449s.mp4,12449,12469
https://www.youtube.com/watch?v=RUVFke5odQ0,Shaping the Future of the Data Economy  Global Technology Governance Summit 2021,World Economic Forum,UCw-kH-Od73XDAt7qtH9uBYA,2663,4175,38,20210406,2025-03-12 00:26:45,20210406_Shaping the Future of the Data Economy  Global Technology Governance Summit 2021_World Economic Forum_1082s.mp4,1082,1102
https://www.youtube.com/watch?v=ur2Ju3lfWfs,20th Foreign Policy Conference 2020 Multilateralism 2.0 (22),Heinrich-Böll-Stiftung,UCsUAhvKYTex6JuYYPJwBqpg,5170,97,0,20200207,2025-03-12 00:26:53,20200207_20th Foreign Policy Conference 2020 Multilateralism 2.0 (22)_Heinrich-Böll-Stiftung_2216s.mp4,2216,2236
https://www.youtube.com/watch?v=s3AUUYUXsP8,AI Horizons Keynote - Yoshua Bengio,IBM Research,UCwx7Y3W30N8aS_tiCy2x-2g,2085,8388,198,20191014,2025-03-12 00:26:59,20191014_AI Horizons Keynote - Yoshua Bengio_IBM Research_1857s.mp4,1857,1877
https://www.youtube.com/watch?v=ciqGrCISYYU,"ITU INTERVIEWS @ PP-18 Belinda Exelby, Head of International Relations, GSMA",ITU,UCQdZWRxu7uCjkCay0OCnvWw,313,166,1,20181112,2025-03-12 00:27:01,"20181112_ITU INTERVIEWS @ PP-18 Belinda Exelby, Head of International Relations, GSMA_ITU_106s.mp4",106,126
https://www.youtube.com/watch?v=6_pUqwF9hlU,"Gabriele Columbro, Linux  Open Source Summit NA 2023",SiliconANGLE theCUBE,UCu3Ri8DI1RQLdVtU12uIp1Q,1518,2822,49,20230511,2025-03-12 00:27:06,"20230511_Gabriele Columbro, Linux  Open Source Summit NA 2023_SiliconANGLE theCUBE_923s.mp4",923,943
https://www.youtube.com/watch?v=GdJK9JV4_1E,"WPC 2021 - Debate - Plenary session 3 Transatlantic Relations, Russia and China",World Policy “WPC TV” Conference TV,UCEyUZ4fB0nbihuZPxojOHZQ,857,40,,20220317,2025-03-12 00:27:07,"20220317_WPC 2021 - Debate - Plenary session 3 Transatlantic Relations, Russia and China_World Policy “WPC TV” Conference TV_249s.mp4",249,269
https://www.youtube.com/watch?v=3jivr17poeY,Conscious You Summit Sneak Preview Meet the Speakers Interview,Art of Awakening (Spoken Earth Ministries),UCl7se0oeFNl2MK7PZ3NmxJg,3200,65,4,20241012,2025-03-12 00:27:29,20241012_Conscious You Summit Sneak Preview Meet the Speakers Interview_Art of Awakening (Spoken Earth Ministries)_1844s.mp4,1844,1864
https://www.youtube.com/watch?v=9x9v3cWir1Y,Ex Warlock in Training EXPOSES Hollywood Celebrities in the Occult Interview w Richard Lorenzo Jr,Nik Keswani,UCJ7PHHzUGAeZkO0NB-OjdKQ,5405,148722,7944,20241111,2025-03-12 00:29:23,20241111_Ex Warlock in Training EXPOSES Hollywood Celebrities in the Occult Interview w Richard Lorenzo Jr_Nik Keswani_4060s.mp4,4060,4080
https://www.youtube.com/watch?v=xMRx7mpZgno,"The Future of AI in Communication and Media Education, An International Conference",TVUP,UCgHMBsUeTBqZyG8dkGbbVKQ,9246,726,10,20230628,2025-03-12 00:29:38,"20230628_The Future of AI in Communication and Media Education, An International Conference_TVUP_1527s.mp4",1527,1547
https://www.youtube.com/watch?v=YeHRm1DyboU,Celebrities Shutting Down Disrespectful Interviewers  Reaction,Dee Shanell,UCa961mgEIqtMaShHv2zzaHA,1278,37975,2174,20240916,2025-03-12 00:30:22,20240916_Celebrities Shutting Down Disrespectful Interviewers  Reaction_Dee Shanell_957s.mp4,957,977
https://www.youtube.com/watch?v=BepbRdw6JXw,Course Income Secrets - #357 What is best platform to host Virtual Summit,Jean-Serge Gagnon,UCrNc8PqcN2ImXGnbNRruZ1Q,2181,12,0,20210528,2025-03-12 00:30:43,20210528_Course Income Secrets - #357 What is best platform to host Virtual Summit_Jean-Serge Gagnon_1733s.mp4,1733,1753
https://www.youtube.com/watch?v=N5esEarb5MQ,Interview with Timothée Chalamet. Interviews with celebrities. INTERVIEW #1,Hollywood Film Academy®️,UCg_a1x3Es-5H795kTjyC6bA,755,87969,2518,20190122,2025-03-12 00:31:50,20190122_Interview with Timothée Chalamet. Interviews with celebrities. INTERVIEW #1_Hollywood Film Academy®️_177s.mp4,177,197
https://www.youtube.com/watch?v=S-2wuO8yTNc,"Events of the week FOMC meeting, US inflation rate, ECB meeting (11 - 17 December)",IG International,UCZj-ae-S_X-mocAH3xQnpUw,114,41,1,20231211,2025-03-12 00:34:08,"20231211_Events of the week FOMC meeting, US inflation rate, ECB meeting (11 - 17 December)_IG International_70s.mp4",70,90
https://www.youtube.com/watch?v=WMJB2p97v3g,Business Breakfast  StockShare Market News  11th March - 2025  TV5 News,TV5 MONEY,UChgr28cE2iI6E6y1ttiUWkg,2736,10109,512,20250311,2025-03-12 00:34:21,20250311_Business Breakfast  StockShare Market News  11th March - 2025  TV5 News_TV5 MONEY_2647s.mp4,2647,2667
https://www.youtube.com/watch?v=XFPYH8xk0gU,Econ 104 Financial Market Theories- Part 1,UMassEconomics,UCV_eWNVYGuEkv6wFPfeDdFQ,351,1731,15,20100519,2025-03-12 00:34:26,20100519_Econ 104 Financial Market Theories- Part 1_UMassEconomics_292s.mp4,292,312
https://www.youtube.com/watch?v=AdDReR8_toE,Business Breakfast  StockShare Market News  12th March - 2025  TV5 News,TV5 MONEY,UChgr28cE2iI6E6y1ttiUWkg,2834,2154,263,20250312,2025-03-12 00:34:28,20250312_Business Breakfast  StockShare Market News  12th March - 2025  TV5 News_TV5 MONEY_2734s.mp4,2734,2754
https://www.youtube.com/watch?v=vjl6wuDknBU,Why does the FOMC meeting matter for crypto,Cointelegraph,UCRqBu-grVX1p97WaX4d-OuQ,3130,1056,53,20220726,2025-03-12 00:34:55,20220726_Why does the FOMC meeting matter for crypto_Cointelegraph_1627s.mp4,1627,1647
https://www.youtube.com/watch?v=KXYe6mIY0TE,The Place of Finance and Financial Markets in a Free Society  David Howden,misesmedia,UCmT6-ChKpaiIVu2fhEIsNtQ,2631,2980,75,20160728,2025-03-12 00:35:10,20160728_The Place of Finance and Financial Markets in a Free Society  David Howden_misesmedia_1285s.mp4,1285,1305
https://www.youtube.com/watch?v=Y26dXu2pYtk,Verna Linzey - Azusa Street Revival Centennial Interview,Bonnie Brae,UCy2SIUJUtFAtDhOm6Jgw1Xg,1888,56024,,20141028,2025-03-12 00:35:40,20141028_Verna Linzey - Azusa Street Revival Centennial Interview_Bonnie Brae_1576s.mp4,1576,1596
https://www.youtube.com/watch?v=x1PTUkaGC4M,The Week ahead in Financial Markets 10th March - 5 things to watch that may move sentiment,GO Markets ,UCP8lZgyKsITYeNVxc2B7RWQ,267,52,1,20250309,2025-03-12 00:35:47,20250309_The Week ahead in Financial Markets 10th March - 5 things to watch that may move sentiment_GO Markets _175s.mp4,175,195
https://www.youtube.com/watch?v=pBmLmtB9Ido,Sadak par awaara gai kahan se aati hain  Street interview (Hindi),Peepal Farm,UCWWg5HFC5z8pIGLZal8Jgpg,315,63325,5336,20201015,2025-03-12 00:35:57,20201015_Sadak par awaara gai kahan se aati hain  Street interview (Hindi)_Peepal Farm_103s.mp4,103,123
https://www.youtube.com/watch?v=8eW_Y7K-5X4,FEAR at the FED FOMC Meeting,@Micro2Macr0,UCtpBpVlzN4fbgLKc-Zg-_aA,5466,4279,606,20240501,2025-03-12 00:36:01,20240501_FEAR at the FED FOMC Meeting_@Micro2Macr0_5211s.mp4,5211,5231
https://www.youtube.com/watch?v=9dq4VfC0_pU,"Financial Market Regulation and Practices, Panel 1",HouseResourceOrg,UCuwpe69VxVzy4maI6ymmm6A,9051,10494,58,20101227,2025-03-12 00:36:19,"20101227_Financial Market Regulation and Practices, Panel 1_HouseResourceOrg_5076s.mp4",5076,5096
https://www.youtube.com/watch?v=dR9C2YG7kX8,STOCK MARKET CRASH 5 PROTECTION STRATEGIES,"Value Investing with Sven Carlin, Ph.D.",UCrTTBSUr0zhPU56UQljag5A,614,11909,251,20171125,2025-03-12 00:36:27,"20171125_STOCK MARKET CRASH 5 PROTECTION STRATEGIES_Value Investing with Sven Carlin, Ph.D._189s.mp4",189,209
https://www.youtube.com/watch?v=1EZsQ0UUYDQ,Austrian Economics and the Financial Markets  Kevin Duffy,misesmedia,UCmT6-ChKpaiIVu2fhEIsNtQ,1193,7893,143,20110527,2025-03-12 00:36:37,20110527_Austrian Economics and the Financial Markets  Kevin Duffy_misesmedia_803s.mp4,803,823
https://www.youtube.com/watch?v=0yHi8x0QsTk,Debt Capital Markets (DCM) Explained,AmplifyME,UCj_bZtVhV4SYXsi7EHssVLw,2464,14801,274,20240422,2025-03-12 00:36:40,20240422_Debt Capital Markets (DCM) Explained_AmplifyME_739s.mp4,739,759
https://www.youtube.com/watch?v=zE1QM4jweW0,The Place of Finance and Financial Markets in a Free Society  Jörg Guido Hülsmann,misesmedia,UCmT6-ChKpaiIVu2fhEIsNtQ,3181,1749,42,20150812,2025-03-12 00:36:46,20150812_The Place of Finance and Financial Markets in a Free Society  Jörg Guido Hülsmann_misesmedia_1498s.mp4,1498,1518
https://www.youtube.com/watch?v=lF4TXZ8-53w,CRYPTO LIVE! SHIBA INU LIVE! FED RESERVE FOMC MEETING! MEME COINS 2023! LIVE Q&A!,Austin Hilton,UCM5oQBEF59122yTblKUzCHQ,3899,5254,358,20230502,2025-03-12 00:37:06,20230502_CRYPTO LIVE! SHIBA INU LIVE! FED RESERVE FOMC MEETING! MEME COINS 2023! LIVE Q&A!_Austin Hilton_526s.mp4,526,546
https://www.youtube.com/watch?v=3fF9hhktEMc,✅️The BEST Way To Learn About People. BALI Street Interviews,SouthernCrossGO,UCXjr6EiS8iITuFiMiRZzypw,577,1077,83,20250307,2025-03-12 00:37:33,20250307_✅️The BEST Way To Learn About People. BALI Street Interviews_SouthernCrossGO_474s.mp4,474,494
https://www.youtube.com/watch?v=MekiXwg6lcE,"Fireside Chat Recording with Explo Co Founder, Andrew Chen",Product School,UC6hlQ0x6kPbAGjYkoz53cvA,2006,294,8,20240812,2025-03-12 00:37:34,"20240812_Fireside Chat Recording with Explo Co Founder, Andrew Chen_Product School_1523s.mp4",1523,1543
https://www.youtube.com/watch?v=Oxu5jo9q8ik,"The Federal Reserve  The Fed Meeting Ends Today, Look for Clues on Taper Timing",American Powerfull,UCaxfGLz9AdMyc-yd3NMeFyw,177,32,1,20210922,2025-03-12 00:38:09,"20210922_The Federal Reserve  The Fed Meeting Ends Today, Look for Clues on Taper Timing_American Powerfull_146s.mp4",146,166
https://www.youtube.com/watch?v=sEFQQ6lGz1s,Markets Await the FOMC meeting With Focus on 2023 Dot-Plot For Rates,AmplifyME,UCj_bZtVhV4SYXsi7EHssVLw,1138,1215,49,20210317,2025-03-12 00:38:20,20210317_Markets Await the FOMC meeting With Focus on 2023 Dot-Plot For Rates_AmplifyME_1014s.mp4,1014,1034
https://www.youtube.com/watch?v=65xBPyW4V7o,Banking and Financial Markets  Philipp Bagus,misesmedia,UCmT6-ChKpaiIVu2fhEIsNtQ,3554,4596,81,20120814,2025-03-12 00:39:05,20120814_Banking and Financial Markets  Philipp Bagus_misesmedia_1319s.mp4,1319,1339
https://www.youtube.com/watch?v=PbAM_Iht8iM,STOP Making These Financial Mistakes to Build Wealth FAST! Street Interviews in British Columbia,The Fisayo,UCZj4zoASpnGzw3A7y_n2Ggw,1019,581,32,20250118,2025-03-12 00:40:12,20250118_STOP Making These Financial Mistakes to Build Wealth FAST! Street Interviews in British Columbia_The Fisayo_117s.mp4,117,137
https://www.youtube.com/watch?v=UP8cgZK1KIk,✅️Im RETIRING Here! BALI Street Interviews.,SouthernCrossGO,UCXjr6EiS8iITuFiMiRZzypw,671,7555,201,20250111,2025-03-12 00:41:08,20250111_✅️Im RETIRING Here! BALI Street Interviews._SouthernCrossGO_230s.mp4,230,250
